timestamp,rss,heapTotal,heapUsed,external,arrayBuffers
1708687702620,172339200,45428736,25499864,2260211,16615
1708687703622,172339200,45428736,25503160,2260211,16615
1708687704622,172339200,45428736,25504928,2260211,16615
1708687705623,172339200,45428736,25511040,2260211,16615
1708687706624,218533888,45428736,26274360,3643072,1399148
1708687707625,221085696,45428736,26345040,3717539,1399148
1708687708626,221085696,45428736,26348304,3717539,1399148
1708687709628,221085696,45428736,26350024,3717539,1399148
1708687710629,212873216,27865088,25880328,2334678,16615
1708687711631,212873216,27865088,26099176,2334678,16615
1708687712632,212873216,27865088,26103408,2334678,16615
1708687713632,212873216,27865088,26111488,2334678,16615
1708687714633,212873216,27865088,26113272,2334678,16615
1708687715635,212873216,27865088,26115280,2342870,24807
1708687716635,212873216,27865088,26117112,2342870,24807
1708687717636,213143552,27865088,26418440,2847405,529342
1708687718638,213143552,27865088,26420288,2847405,529342
1708687719640,213143552,27865088,26422024,2847405,529342
1708687720639,213143552,27865088,26423760,2847405,529342
1708687721640,213118976,27865088,26425496,2847405,529342
1708687722641,213094400,27865088,26428936,2847405,529342
1708687723643,213094400,27865088,26430704,2847405,529342
1708687724645,213094400,27865088,26432440,2847405,529342
1708687725646,213483520,27865088,26632856,3351940,1033877
1708687726647,213483520,27865088,26635008,3351940,1033877
1708687727647,213483520,27865088,26636744,3351940,1033877
1708687728648,213770240,28127232,27038152,3856475,1538412
1708687729648,214036480,28127232,27188792,4361010,2042947
1708687730649,214036480,28127232,27191040,4361010,2042947
1708687731649,215478272,29175808,26872160,3726642,1407340
1708687732650,218255360,29175808,26939400,3801337,1407340
1708687733651,218255360,29175808,26941528,3801337,1407340
1708687734651,218255360,29175808,27089824,4305872,1911875
1708687735652,218255360,29175808,27091944,4305872,1911875
1708687736653,218525696,29175808,27240944,4810407,2416410
1708687737654,218525696,29175808,27242784,4810407,2416410
1708687738655,218525696,29175808,27244576,4810407,2416410
1708687739655,218525696,29175808,27246440,4810407,2416410
1708687740656,218796032,29175808,27395984,5314942,2920945
1708687741657,218796032,29175808,27397872,5314942,2920945
1708687742658,218796032,29175808,27399608,5314942,2920945
1708687743659,218796032,29175808,27401344,5314942,2920945
1708687744660,218796032,29175808,27403080,5314942,2920945
1708687745662,218796032,29175808,27406768,5314942,2920945
1708687746662,218828800,29175808,27408504,5314942,2920945
1708687747664,218787840,29175808,27410272,5314942,2920945
1708687748665,218787840,29175808,27412064,5314942,2920945
1708687749666,218787840,29175808,27413856,5314942,2920945
1708687750666,218787840,29175808,27415648,5314942,2920945
1708687751667,218787840,29175808,27417440,5314942,2920945
1708687752668,218787840,29175808,27419232,5314942,2920945
1708687753669,218787840,29175808,27421024,5314942,2920945
1708687754670,218787840,29175808,27422816,5314942,2920945
1708687755671,218787840,29175808,27424608,5314942,2920945
1708687756673,218787840,29175808,27426400,5314942,2920945
1708687757674,218787840,29175808,27428192,5314942,2920945
1708687758675,218787840,29175808,27429984,5314942,2920945
1708687759676,218787840,29175808,27431776,5314942,2920945
1708687760676,218787840,29175808,27433568,5314942,2920945
1708687761677,217894912,28651520,26938736,2847405,529342
1708687762679,217894912,28651520,26940528,2847405,529342
1708687763681,217894912,28651520,26942264,2847405,529342
1708687764682,217894912,28651520,26944000,2847405,529342
1708687765683,217894912,28651520,26945736,2847405,529342
1708687766684,217894912,28651520,26949152,2847405,529342
1708687767685,217894912,28651520,26950888,2847405,529342
1708687768687,217894912,28651520,26952624,2847405,529342
1708687769688,217894912,28651520,26954360,2847405,529342
1708687770689,217894912,28651520,27098656,3351940,1033877
1708687771690,217894912,28651520,27100824,3351940,1033877
1708687772691,217894912,28651520,27102560,3351940,1033877
1708687773690,217894912,28651520,27104296,3351940,1033877
1708687774692,217894912,28651520,27106032,3351940,1033877
1708687775693,217894912,28651520,27109416,3351940,1033877
1708687776694,217894912,28651520,27111152,3351940,1033877
1708687777695,217894912,28651520,27112888,3351940,1033877
1708687778697,217894912,28651520,27114624,3351940,1033877
1708687779698,217894912,28651520,27116360,3351940,1033877
1708687780698,218165248,28651520,27260248,3856475,1538412
1708687781699,218165248,28651520,27262400,3856475,1538412
1708687782700,218165248,28651520,27264192,3856475,1538412
1708687783702,218165248,28651520,27265984,3856475,1538412
1708687784703,218165248,28651520,27267776,3856475,1538412
1708687785704,218165248,28651520,27271216,3856475,1538412
1708687786705,218165248,28651520,27273008,3856475,1538412
1708687787706,218165248,28651520,27274800,3856475,1538412
1708687788707,218165248,28651520,27276592,3856475,1538412
1708687789708,218165248,28651520,27278384,3856475,1538412
1708687790710,218165248,28651520,27422328,4361010,2042947
1708687791710,218165248,28651520,27424864,4361010,2042947
1708687792712,218165248,28651520,27426656,4361010,2042947
1708687793713,218165248,28651520,27428448,4361010,2042947
1708687794714,218165248,28651520,27430240,4361010,2042947
1708687795714,218165248,28651520,27433680,4361010,2042947
1708687796716,218165248,28651520,27435472,4361010,2042947
1708687797717,218165248,28651520,27437264,4361010,2042947
1708687798719,218165248,28651520,27439056,4361010,2042947
1708687799720,218165248,28651520,27440848,4361010,2042947
1708687800720,217509888,28651520,26975880,4865545,24807
1708687801721,217509888,28651520,26978024,4865545,24807
1708687802722,217509888,28651520,26979808,4865545,24807
1708687803723,217509888,28651520,26981592,4865545,24807
1708687804725,217509888,28651520,26983376,4865545,24807
1708687805725,217509888,28651520,26986808,4865545,24807
1708687806726,217509888,28651520,26988592,4865545,24807
1708687807727,217509888,28651520,26990376,4865545,24807
1708687808727,217509888,28651520,26992160,4865545,24807
1708687809727,217509888,28651520,26993944,4865545,24807
1708687810728,217624576,28913664,27368408,2847405,529342
1708687811728,217624576,28913664,27370536,2847405,529342
1708687812730,217624576,28913664,27372328,2847405,529342
1708687813730,217624576,28913664,27374120,2847405,529342
1708687814731,217624576,28913664,27375912,2847405,529342
1708687815732,217624576,28913664,27379368,2847405,529342
1708687816733,217624576,28913664,27381160,2847405,529342
1708687817733,246083584,28913664,27593888,4305925,1911875
1708687818734,246083584,28913664,27596064,4305925,1911875
1708687819735,246083584,28913664,27597856,4305925,1911875
1708687820737,246083584,28913664,27599648,4305925,1911875
1708687821738,246083584,28913664,27601824,4305925,1911875
1708687822738,246083584,28913664,27605280,4305925,1911875
1708687823740,246083584,28913664,27607072,4305925,1911875
1708687824740,246083584,28913664,27608864,4305925,1911875
1708687825741,246083584,28913664,27610656,4305925,1911875
1708687826743,246083584,28913664,27612448,4305925,1911875
1708687827743,263680000,28913664,27799632,5689446,3294408
1708687828744,265478144,28913664,27828248,5763752,3294408
1708687829745,265478144,28913664,27830040,5763752,3294408
1708687830746,265478144,28913664,27831776,5763752,3294408
1708687831747,265478144,28913664,27833512,5763752,3294408
1708687832748,265478144,28913664,27835248,5763752,3294408
1708687833749,265478144,28913664,27838648,5763752,3294408
1708687834750,265478144,28913664,27840384,5763752,3294408
1708687835751,265478144,28913664,27842120,5763752,3294408
1708687836753,265478144,28913664,27843856,5763752,3294408
1708687837754,265478144,28913664,27845592,5763752,3294408
1708687838755,265478144,28913664,27847328,5763752,3294408
1708687839756,265478144,28913664,27849064,5763752,3294408
1708687840757,265478144,28913664,27850800,5763752,3294408
1708687841759,265478144,28913664,27852760,5771944,3302600
1708687842760,265498624,28913664,27854544,5771944,3302600
1708687843760,265707520,28913664,27856336,5771944,3302600
1708687844761,265707520,28913664,27858104,5771944,3302600
1708687845763,265707520,28913664,27859840,5771944,3302600
1708687846763,265707520,28913664,27861648,5771944,3302600
1708687847764,265707520,28913664,27863384,5771944,3302600
1708687848765,265707520,28913664,27865120,5771944,3302600
1708687849766,265707520,28913664,27866856,5771944,3302600
1708687850767,265707520,28913664,27868592,5771944,3302600
1708687851767,265707520,28913664,27870712,5771944,3302600
1708687852768,265707520,28913664,27872448,5771944,3302600
1708687853770,265707520,28913664,27874184,5771944,3302600
1708687854771,265707520,28913664,27875920,5771944,3302600
1708687855772,265707520,28913664,27877656,5771944,3302600
1708687856774,265707520,28913664,27879392,5771944,3302600
1708687857774,265707520,28913664,27881128,5771944,3302600
1708687858775,265707520,28913664,27882864,5771944,3302600
1708687859777,265707520,28913664,27884600,5771944,3302600
1708687860778,265707520,28913664,27886336,5771944,3302600
1708687861779,265707520,28913664,27888072,5771944,3302600
1708687862781,265707520,28913664,27889808,5771944,3302600
1708687863781,265707520,28913664,27891544,5771944,3302600
1708687864783,265707520,28913664,27893280,5771944,3302600
1708687865784,265707520,28913664,27895016,5771944,3302600
1708687866784,265707520,28913664,27896752,5771944,3302600
1708687867785,265707520,28913664,27898488,5771944,3302600
1708687868787,265707520,28913664,27900224,5771944,3302600
1708687869788,265367552,29175808,27358624,2855597,537534
1708687870789,265367552,29175808,27360464,2855597,537534
1708687871790,265367552,29175808,27362256,2855597,537534
1708687872791,265367552,29175808,27364048,2855597,537534
1708687873793,265367552,29175808,27365840,2855597,537534
1708687874793,265367552,29175808,27369392,2855597,537534
1708687875794,265367552,29175808,27371184,2855597,537534
1708687876795,265367552,29175808,27372976,2855597,537534
1708687877796,265367552,29175808,27374768,2855597,537534
1708687878798,265367552,29175808,27376560,2855597,537534
1708687879799,265367552,29175808,27378352,2855597,537534
1708687880800,265367552,29175808,27380144,2855597,537534
1708687881800,265367552,29175808,27382320,2855597,537534
1708687882801,265367552,29175808,27384112,2855597,537534
1708687883802,265367552,29175808,27385904,2855597,537534
1708687884803,265367552,29175808,27387696,2855597,537534
1708687885804,265367552,29175808,27389488,2855597,537534
1708687886806,265367552,29175808,27391280,2855597,537534
1708687887807,265367552,29175808,27393072,2855597,537534
1708687888809,265367552,29175808,27394864,2855597,537534
1708687889811,265367552,29175808,27396656,2855597,537534
1708687890811,265367552,29175808,27398448,2855597,537534
1708687891812,265367552,29175808,27400240,2855597,537534
1708687892813,265367552,29175808,27402032,2855597,537534
1708687893814,265367552,29175808,27403824,2855597,537534
1708687894814,265367552,29175808,27405616,2855597,537534
1708687895816,265367552,29175808,27407408,2855597,537534
1708687896817,265367552,29175808,27409200,2855597,537534
1708687897818,265367552,29175808,27410992,2855597,537534
1708687898820,265367552,29175808,27412784,2855597,537534
1708687899821,265367552,29175808,27414576,2855597,537534
1708687900823,265367552,29175808,27416368,2855597,537534
1708687901824,265367552,29175808,27418160,2855597,537534
1708687902825,265367552,29175808,27419952,2855597,537534
1708687903825,265367552,29175808,27421744,2855597,537534
1708687904827,265367552,29175808,27423592,2855597,537534
1708687905829,265367552,29175808,27425384,2855597,537534
1708687906830,265367552,29175808,27427176,2855597,537534
1708687907831,265367552,29175808,27428968,2855597,537534
1708687908833,265367552,29175808,27430760,2855597,537534
1708687909835,265367552,29175808,27432552,2855597,537534
1708687910836,265367552,29175808,27434344,2855597,537534
1708687911836,265367552,29175808,27436520,2855597,537534
1708687912837,265367552,29175808,27438312,2855597,537534
1708687913837,265367552,29175808,27440104,2855597,537534
1708687914839,265367552,29175808,27441896,2855597,537534
1708687915841,265367552,29175808,27443688,2855597,537534
1708687916842,265637888,29175808,27635216,3360132,1042069
1708687917844,265637888,29175808,27637032,3360132,1042069
1708687918846,265637888,29175808,27638880,3360132,1042069
1708687919848,265637888,29175808,27640616,3360132,1042069
1708687920850,265637888,29175808,27642352,3360132,1042069
1708687921850,265637888,29175808,27645752,3360132,1042069
1708687922852,265637888,29175808,27647488,3360132,1042069
1708687923851,265637888,29175808,27649224,3360132,1042069
1708687924852,265637888,29175808,27650960,3360132,1042069
1708687925854,265637888,29175808,27652696,3360132,1042069
1708687926855,265637888,29175808,27654432,3360132,1042069
1708687927855,265908224,29175808,28102368,4873737,2555674
1708687928855,268140544,29175808,27493360,3538749,1218924
1708687929856,268419072,29175808,27556744,3613563,1218924
1708687930858,268419072,29175808,27558536,3613563,1218924
1708687931858,268419072,29175808,27560304,3613563,1218924
1708687932859,268419072,29175808,27562112,3613563,1218924
1708687933861,268419072,29175808,27563848,3613563,1218924
1708687934861,268419072,29175808,27567248,3613563,1218924
1708687935863,268419072,29175808,27568984,3613563,1218924
1708687936863,268419072,29175808,27570720,3613563,1218924
1708687937864,268419072,29175808,27572456,3613563,1218924
1708687938865,268419072,29175808,27574192,3613563,1218924
1708687939866,268689408,29175808,27716400,4118098,1723459
1708687940867,268689408,29175808,27718552,4118098,1723459
1708687941868,268689408,29175808,27720672,4118098,1723459
1708687942869,268689408,29175808,27722408,4118098,1723459
1708687943871,268730368,29175808,27724144,4118098,1723459
1708687944871,268709888,29175808,27727640,4118098,1723459
1708687945873,268709888,29175808,27729432,4118098,1723459
1708687946875,268709888,29175808,27731224,4118098,1723459
1708687947877,268709888,29175808,27733016,4118098,1723459
1708687948878,268709888,29175808,27734808,4118098,1723459
1708687949879,268709888,29175808,27736600,4118098,1723459
1708687950881,268709888,29175808,27738392,4118098,1723459
1708687951883,268709888,29175808,27740184,4118098,1723459
1708687952884,268709888,29175808,27741976,4118098,1723459
1708687953885,268709888,29175808,27743768,4118098,1723459
1708687954886,268709888,29175808,27745560,4118098,1723459
1708687955887,268709888,29175808,27747352,4118098,1723459
1708687956888,268709888,29175808,27749144,4118098,1723459
1708687957890,268709888,29175808,27750936,4118098,1723459
1708687958891,268709888,29175808,27752728,4118098,1723459
1708687959892,268709888,29175808,27754520,4118098,1723459
1708687960893,268709888,29175808,27756312,4118098,1723459
1708687961894,268709888,29175808,27758104,4118098,1723459
1708687962895,268709888,29175808,27759896,4118098,1723459
1708687963896,268709888,29175808,27761688,4118098,1723459
1708687964897,268709888,29175808,27763480,4118098,1723459
1708687965898,268709888,29175808,27765272,4118098,1723459
1708687966900,268709888,29175808,27767064,4118098,1723459
1708687967901,268709888,29175808,27769080,4126290,1731651
1708687968902,268709888,29175808,27770920,4126290,1731651
1708687969903,268709888,29175808,27772712,4126290,1731651
1708687970904,268709888,29175808,27774504,4126290,1731651
1708687971905,268709888,29175808,27776680,4126290,1731651
1708687972906,268709888,29175808,27778472,4126290,1731651
1708687973907,268709888,29175808,27780264,4126290,1731651
1708687974908,268709888,29175808,27782056,4126290,1731651
1708687975909,268709888,29175808,27783848,4126290,1731651
1708687976911,268709888,29175808,27785640,4126290,1731651
1708687977913,268709888,29175808,27787432,4126290,1731651
1708687978914,268709888,29175808,27789224,4126290,1731651
1708687979915,268709888,29175808,27791016,4126290,1731651
1708687980916,268709888,29175808,27792808,4126290,1731651
1708687981917,268709888,29175808,27794600,4126290,1731651
1708687982918,268709888,29175808,27796392,4126290,1731651
1708687983910,268709888,29175808,27798184,4126290,1731651
1708687984911,268709888,29175808,27799976,4126290,1731651
1708687985912,268709888,29175808,27801768,4126290,1731651
1708687986913,268709888,29175808,27803560,4126290,1731651
1708687987914,268709888,29175808,27805352,4126290,1731651
1708687988916,268709888,29175808,27807144,4126290,1731651
1708687989918,268709888,29175808,27808936,4126290,1731651
1708687990919,268709888,29175808,27810728,4126290,1731651
1708687991920,268709888,29175808,27812520,4126290,1731651
1708687992921,268709888,29175808,27814312,4126290,1731651
1708687993922,268709888,29175808,27816104,4126290,1731651
1708687994923,268709888,29175808,27817896,4126290,1731651
1708687995925,268709888,29175808,27819688,4126290,1731651
1708687996926,268709888,29175808,27821480,4126290,1731651
1708687997927,268709888,29175808,27823272,4126290,1731651
1708687998929,268709888,29175808,27825064,4126290,1731651
1708687999931,268709888,29175808,27826856,4126290,1731651
1708688000932,268709888,29175808,27828648,4126290,1731651
1708688001933,268709888,29175808,27830824,4126290,1731651
1708688002934,268709888,29175808,27832616,4126290,1731651
1708688003936,268709888,29175808,27834408,4126290,1731651
1708688004937,268709888,29175808,27836200,4126290,1731651
1708688005939,268709888,29175808,27837992,4126290,1731651
1708688006940,268709888,29175808,27839784,4126290,1731651
1708688007941,268709888,29175808,27841576,4126290,1731651
1708688008942,268709888,29175808,27843368,4126290,1731651
1708688009943,268709888,29175808,27845160,4126290,1731651
1708688010944,268709888,29175808,27846952,4126290,1731651
1708688011945,268709888,29175808,27848744,4126290,1731651
